,Avg. precision (PRAUC),Brier score (class weighted),Brier skill score (class weighted),Best F1 score,Precision at best F1,Recall at best F1,Threshold prob. at best F1
Dummy,0.12258914943804634,0.3924718035907612,0.0,0.21840430134107902,0.12258914943804634,1.0,0.12257605716862663
Logistic,0.4167432154539704,0.1958838895229816,0.5008969109861611,0.4069315805198685,0.4310126582278481,0.3853989813242784,0.6338277253189413
SVM,0.34367521282018143,0.20975976280792943,0.4655418277470693,0.36960000000000004,0.3494704992435703,0.3921901528013582,0.6537127461526464
XGBoost,0.467418810878417,0.19195685367534265,0.5109028166632317,0.42251851851851846,0.44340796019900497,0.40350877192982454,0.6431607604026794
Neural net,0.43369076695249803,0.31381852671761923,0.20040491101153213,0.3965702036441586,0.37659033078880405,0.4187889077532541,0.185546875
