,Avg. precision (PRAUC),Brier score,Brier skill scores,Best F1 score,Precision at best F1,Recall at best F1,Threshold prob. at best F1
Dummy,0.12258914943804634,0.3924718035907612,0.0,0.21840430134107902,0.12258914943804634,1.0,0.12257605716862663
Logistic,0.42263502434728917,0.19538037789288795,0.5021798353274436,0.4090035684875103,0.39712153518123666,0.42161856253537067,0.6264614441051988
SVM,0.33973754831758535,0.2111184706551501,0.4620799030054963,0.3686681492463553,0.32719298245614037,0.422184493491794,0.6254097597408735
XGBoost,0.475273018509513,0.19050488296402002,0.5146023708682432,0.43483709273182963,0.4870175438596491,0.39275608375778154,0.6522789001464844
Neural net,0.45266330091688156,0.19404741186414634,0.5055761711063358,0.42257133696697663,0.4874260355029586,0.3729485002829655,0.71630859375
